U,UUU - F,UCU - S,UAU - Y,UGU - C,U
UUC - F,UCC - S,UAC - Y,UGC - C,C,
UUA - L,UCA - S,UAA - *,UGA - *,A,
UUG - L,UCG - S,UAG - *,UGG - W,G,
C,CUU - L,CCU - P,CAU - H,CGU - R,U
CUC - L,CCC - P,CAC - H,CGC - R,C,
CUA - L,CCA - P,CAA - Q,CGA - R,A,
CUG - L,CCG - P,CAG - Q,CGG - R,G,
A,AUU - I,ACU - T,AAU - N,AGU - S,U
AUC - I,ACC - T,AAC - N,AGC - S,C,
AUA - I,ACA - T,AAA - K,AGA - R,A,
AUG - M,ACG - T,AAG - K,AGG - R,G,
G,GUU - V,GCU - A,GAU - D,GGU - G,U
GUC - V,GCC - A,GAC - D,GGC - G,C,
GUA - V,GCA - A,GAA - E,GGA - G,A,
GUG - V,GCG - A,GAG - E,GGG - G,G,